ID,Wind speed in km/h,Waterfowl population,Wave Action,Turbidity of water (NTUs)
1,5,12,Low,0.9
2,5,30,Low,0.6
3,5,20,Low,0.1
5,5,30,Low,0.2
7,10,10,Low,1.3
8,10,60,Low,1.8
9,10,50,Low,2
10,10,85,Low,1.9
14,10,30,Low,1.7
16,20,18,Moderate,4
17,17,8,Moderate,1.2
18,17,12,Low,2
24,7,6,Low,0.9
25,11,10,Low,0.9
26,26,36,Low,1
28,11,15,Low,1.5
29,11,12,Moderate,1.8
30,17,62,Moderate,0.8
31,9,42,Low,0.7
32,15,17,Moderate,0.7
33,6,25,Low,0.7
34,7,12,High,4.5
36,4,30,Moderate,3.8
37,5,3,Low,1.7
38,9,60,Moderate,0.8
39,24,12,High,6.2
40,24,8,High,1.2
41,22,24,Low,1.4
42,5,7,Low,2.2
43,9,53,Moderate,2.1
44,6,12,Low,1.3
46,15,40,Low,1.2
47,5,40,Low,1.1
48,4,10,Low,1.1
51,5,7,Low,0.4
52,5,15,Low,0.5
53,5,5,Low,0.3
54,15,10,Low,0.4
55,4,7,None,0.2
56,27,140,Moderate,0.9
57,26,50,Moderate,2.7
58,9,10,Moderate,2.5
59,10,5,Moderate,1.4
60,5,24,Low,0.1
62,9,130,Low,0.2
64,20,30,Moderate,2.1
65,5,30,Low,1.5
66,15,25,Low,0.6
67,15,5,Low,1.1
68,17,100,Moderate,1
69,11,60,Low,0.1
70,11,36,Low,1.2
71,8,25,Low,0.9
72,8,15,Moderate,1.3
73,4,50,Low,1.1
85,10,10,Low,2.5
88,17,13,Moderate,2.1
89,17,2,Low,2
91,13,10,Low,3.1
95,7,9,Low,1.7
96,11,6,Moderate,1.3
97,26,4,High,2.2
99,11,10,Low,1.4
100,11,6,Moderate,1.9
101,17,12,Low,1
102,9,15,Low,0.9
103,15,8,Moderate,1.3
104,6,15,Low,0.7
105,7,3,High,1.9
107,4,25,Moderate,4.5
108,5,75,Low,1
109,9,3,Moderate,0.9
110,15,80,Moderate,2.8
111,15,40,Low,1.5
112,15,30,High,0.9
113,15,5,High,0.5
114,15,20,High,4.5
115,15,3,High,2.7
116,19,50,Low,3.4
117,19,200,Low,1.6
118,19,65,Moderate,2.4
119,19,80,Low,1.4
120,10,120,Low,0.3
121,10,80,None,1.8
122,10,75,Low,0.2
123,10,3,Low,0.5
124,10,300,Low,0.6
125,10,6,Low,0.6
126,10,45,Low,1.4
127,10,100,Low,1.2
128,10,30,Low,1.3
129,10,70,Low,1.5
130,13,115,None,0.6
131,13,65,None,0.2
132,13,200,Low,0.3
134,13,160,Low,0.6
135,13,24,None,0.5
136,15,1,Low,0.3
137,15,50,Low,20
138,15,60,Low,0.5
139,15,55,Low,2.2
140,24,3,High,2.2
147,10,20,Low,4.8
150,17,18,Low,2
151,17,32,Low,2
153,13,60,Low,14.5
157,7,130,Low,1.6
158,11,60,Moderate,1.2
159,26,130,Low,1.1
161,11,3,Low,1.9
162,11,8,Moderate,2.1
163,17,40,Low,1.4
164,9,50,Low,1.8
165,15,12,Low,1.5
166,6,60,Low,1
167,7,82,Moderate,1.2
169,4,75,Moderate,2.1
170,5,60,Low,8.4
171,9,200,High,1.6
172,24,105,High,1.8
173,24,200,High,6.2
174,22,120,Low,4
175,5,40,Low,7.8
176,9,27,Low,3
177,6,1000,Low,2.2
179,15,110,Low,1.9
180,5,85,Low,1.7
181,4,30,None,1.5
182,7,220,None,0.8
183,5,60,Low,1.5
184,5,60,Low,1.8
185,5,40,Low,1.1
187,15,60,Low,0.8
188,4,95,None,0.4
189,27,36,Low,0.4
190,26,25,Low,3.7
191,9,40,Moderate,1.4
192,10,29,Low,0.6
193,5,9,Low,0.6
194,15,20,Low,0.6
195,9,36,Low,0.4
197,20,10,Moderate,0.8
198,5,2,Low,1.8
200,15,20,Low,2.1
203,11,1,Low,2
206,4,15,Low,0.5
207,24,10,High,3.1
208,22,6,Low,2.1
209,5,8,Low,3.2
210,9,13,Low,2.8
213,15,32,Low,1.5
214,5,15,Low,1.8
215,4,5,Low,1.2
216,7,3,None,0.5
217,5,60,Low,1.1
218,5,8,Low,0.8
219,5,10,Low,0.5
221,15,5,Low,1
222,4,12,None,0.3
224,26,20,Moderate,3.8
226,10,6,Moderate,0.6
227,5,24,Low,0.5
229,9,6,Low,0.6
231,20,4,Moderate,0.4
232,5,17,Low,0.5
233,15,20,Low,0.6
234,15,4,Low,1.3
235,17,25,Moderate,1.4
236,11,5,Low,1.2
239,8,25,Moderate,2.6
251,10,35,Low,1.8
254,17,120,Low,2.2
255,17,160,Low,2
261,7,130,Low,1.1
262,11,200,Moderate,1.1
263,26,90,High,1.1
265,11,20,Low,1.5
266,11,200,Moderate,1.7
267,17,60,Low,1.3
268,9,190,Low,1.3
269,15,22,Moderate,1
270,6,60,Low,1
271,7,50,Moderate,4.8
273,4,40,Moderate,2.1
274,5,25,Low,2.3
275,9,80,High,4.4
276,24,130,High,2
277,24,200,High,5.1
278,22,50,Low,1.9
279,5,30,Low,2.2
280,9,200,Moderate,2.9
281,6,240,Low,2.1
283,15,120,Low,1.9
284,5,120,Low,1.9
285,4,80,Low,1
286,7,60,None,0.5
287,5,16,Low,1.1
288,5,50,Low,1.1
289,5,5,Low,0.4
292,4,120,None,0.2
293,27,80,Low,2
294,26,30,Moderate,4.2
295,9,50,Moderate,1.9
296,10,50,Low,0.6
297,5,50,Low,0.5
298,15,80,Low,0.4
299,9,60,Low,0.5
301,20,15,Moderate,3.3
302,5,70,Low,0.7
303,15,15,Low,0.6
304,15,15,Low,1.2
305,17,200,Moderate,3.4
306,11,40,Low,1.2
307,11,72,Low,4
309,8,50,Moderate,2.6
327,10,30,Low,3.27
329,20,59,Low,3.1
330,17,40,None,2.7
331,17,85,None,2
333,13,15,Low,1.9
337,7,150,None,2
338,11,110,Low,1.8
339,26,73,Low,1.1
341,11,20,Low,1
342,11,73,None,1.5
343,17,90,None,2.1
344,9,160,None,1.6
346,6,30,Low,1.4
347,7,90,Low,2.8
349,4,125,Moderate,9.5
350,5,10,Low,6.2
351,9,120,Low,8.8
352,24,60,Low,4
353,24,45,Low,3
354,22,60,None,1.6
355,5,7,Low,4.4
356,9,36,None,1.2
357,6,80,None,2.1
359,15,60,Low,1.5
360,5,40,Low,1.1
361,4,130,None,1.3
362,7,100,None,0.6
363,5,70,Low,0.8
364,5,79,Low,1.1
366,5,60,Low,2.8
367,15,20,Low,1.2
368,4,180,None,1.8
369,27,60,Low,0.7
370,26,40,Low,2.2
371,9,20,Low,1.3
372,10,70,Low,1
373,5,60,Low,0.6
374,15,2,Low,0.6
375,9,95,Low,0.7
377,20,60,Low,5.8
378,5,30,Low,1.7
379,15,10,Low,0.6
380,15,10,Low,1.3
381,17,15,Low,1.4
382,11,15,Low,0.7
383,11,170,None,1.5
384,8,20,Low,0.1
385,8,25,Moderate,0.6
386,4,20,Low,1.1
398,10,45,Low,3.94
400,20,24,High,75
401,17,50,None,4.6
402,17,57,Low,2
404,13,10,Low,4.8
408,7,75,None,1.4
409,11,16,Moderate,1.8
412,11,17,Low,3.7
413,11,130,Low,2.4
414,17,200,None,2.3
415,9,80,None,0.7
416,15,9,Moderate,0.4
417,6,60,Low,7.7
418,7,60,Moderate,0.7
420,4,15,Moderate,2.2
421,5,100,Low,3.5
422,9,100,Low,7.4
423,24,80,Low,1.1
424,24,90,Low,0.8
425,22,200,None,2.2
426,5,150,Low,3.2
427,9,200,Low,1.8
428,6,170,None,1.1
430,15,60,Low,0.2
431,5,160,Low,2.6
432,4,300,None,0.7
433,7,300,None,1.8
434,5,150,Low,0.7
435,5,150,Low,30
436,5,75,Low,12.5
437,5,70,Low,5.6
438,15,100,Low,1.2
439,4,160,None,0.9
440,27,60,Low,0.7
441,26,150,Low,0.8
442,9,60,Low,1.1
443,10,150,Low,0.3
444,5,100,Low,0.1
445,15,100,Low,0.6
446,9,82,None,0.1
448,20,156,Moderate,8.8
449,5,150,Low,8
450,15,15,Low,1.8
452,17,100,Low,25.3
453,11,15,Low,0.8
454,11,260,None,0.4
455,8,75,Low,1.4
457,4,75,Low,1.3
466,15,29,Low,6
467,10,12,Low,1.8
469,17,25,Low,0.8
470,10,18,Low,1.7
471,5,9,Moderate,3.3
472,20,8,Low,1.6
473,17,15,Low,2.5
474,4,30,Low,3
475,17,15,Low,3.2
476,18,30,Low,2.9
477,13,25,Low,2.3
479,8,25,Moderate,1.5
481,22,7,Low,10.5
482,22,12,Low,0.4
483,22,25,Moderate,0.4
485,22,10,High,4.4
487,10,6,High,1
488,10,220,Low,4.6
489,10,35,Moderate,4.4
490,10,90,Moderate,4.1
576,9,2,None,0.3
578,9,20,Low,0.5
580,9,30,Low,0.7
581,9,10,Low,0.6
582,9,12,Low,0.4
583,9,70,Low,1.5
584,9,95,Low,1.7
585,9,45,Low,1.4
608,5,50,Low,2.5
775,4,30,Low,2
776,4,70,Low,1.7
777,4,50,Low,4
850,15,15,Low,4.5
854,11,70,Moderate,40
856,15,80,Low,4.2
858,8,15,Low,9.2
860,20,55,High,117
861,5,31,Low,176
862,15,45,Low,2.7
863,13,45,Moderate,11.2
864,13,72,Moderate,32
865,5,104,Low,6.3
866,27,92,High,42.8
867,5,12,Low,10.8
868,10,65,Low,2.5
869,15,50,Low,2.8
870,20,200,High,214.6
872,11,50,Low,2.1
873,15,55,Low,4.2
875,11,51,Low,1.4
876,18,200,Moderate,9.8
877,18,2,Low,1.4
878,17,9,Moderate,1.2
879,11,21,Low,2.4
880,18,50,Low,2.6
882,11,25,Low,24.8
883,15,40,Low,2
884,24,30,Low,2.3
885,22,80,Low,1.7
886,5,60,Low,2.4
887,15,17,Low,2.4
888,9,30,Low,2.1
889,15,50,Low,1.1
890,5,55,Low,2
891,5,45,Low,1.1
892,4,25,Low,1.3
893,4,180,Low,4.7
895,5,10,Low,3
896,18,50,Low,1.4
897,12,45,Low,25.1
898,14,25,Low,12
899,4,32,Low,4.8
900,9,41,Low,2.1
901,26,24,Low,1.9
902,18,12,Low,1.5
903,15,24,Low,8.9
904,10,7,Low,1.2
906,17,80,Low,0.9
907,10,110,High,16.1
908,5,50,Low,2.4
909,20,70,Low,7.5
910,17,17,Low,1.5
911,4,60,Low,1.6
912,17,90,High,5.3
913,18,90,Low,39.4
914,13,40,Low,1.4
915,8,30,Low,1.9
916,8,22,High,5.2
917,10,15,Low,2.2
921,15,5,Low,1.6
925,11,20,Moderate,17.4
927,15,15,Low,3
929,8,19,Low,1.4
931,20,20,High,110
932,5,26,Low,9.7
933,15,17,Low,7.1
934,13,20,Moderate,8.4
935,13,81,Low,8.4
936,5,200,Low,3.3
937,27,68,Moderate,11.6
938,5,31,Low,5.5
939,10,50,Low,3.2
940,15,110,Low,2.5
941,20,60,Moderate,24.7
943,11,15,Low,1.3
944,15,40,Low,5.1
945,25,120,Low,1.7
946,11,44,Low,0.9
947,18,50,Low,2.3
948,18,30,Low,1.8
949,17,24,Moderate,8.3
950,11,84,Low,1.4
951,18,140,Low,1.9
953,11,70,Low,4.2
954,15,20,Low,2.7
955,24,50,Low,3
956,22,30,Low,1.9
957,5,90,Low,2.1
958,15,21,Low,2.9
959,9,20,Low,2.2
960,15,90,Low,1.2
961,5,100,Low,1.4
962,5,70,Low,1
963,4,15,Low,1.2
964,4,9,Low,1.7
966,5,95,Low,2.1
967,18,60,Low,2.4
968,12,55,Low,1.4
969,14,36,Low,1.6
970,4,45,Low,1
971,9,32,Low,5.6
972,26,38,Low,40.2
973,18,70,Low,65.4
974,15,34,Low,1.5
975,10,24,Low,1.6
977,17,25,Low,0.6
978,10,110,Low,61
979,5,70,Low,6.1
980,20,40,Low,2.2
981,17,24,Low,1.8
982,4,45,Low,2
983,17,10,Low,4.1
984,18,50,Low,1.2
985,13,15,Low,1.8
986,8,40,Low,1.3
987,8,30,High,5.6
988,10,25,Low,2.8
992,15,27,Low,4.1
996,11,20,Moderate,7
998,15,10,Low,0.9
1000,8,5,None,1.7
1002,20,35,High,100
1003,5,20,Low,8.5
1004,15,20,Low,2
1005,13,17,Moderate,5.6
1006,13,59,Low,8.4
1007,5,30,Low,2.8
1008,27,36,High,11.7
1009,5,24,Low,7.4
1010,10,40,Low,4.2
1011,15,15,Low,2.5
1014,11,12,Low,0.9
1015,15,15,Low,3.6
1016,25,15,Low,2.8
1017,11,20,Low,1
1018,18,60,Low,6.9
1019,18,10,Low,1.9
1020,17,40,Moderate,1.5
1021,11,17,Low,1.2
1022,18,30,Low,2.8
1024,11,5,Low,2
1025,15,25,Low,1
1026,24,35,Low,2
1027,22,40,Low,1.2
1028,5,30,Low,2
1029,15,25,Low,1.2
1030,9,50,Low,1.1
1031,15,20,Low,1.7
1032,5,25,Low,1.4
1033,5,50,Low,0.9
1034,4,50,Low,1.1
1035,4,315,Low,1.3
1037,5,40,Low,1.8
1038,18,45,Low,2
1039,12,23,Low,1.9
1040,14,68,Low,2.3
1041,4,40,Low,2.7
1042,9,21,Low,1.9
1043,26,28,Low,9.8
1044,18,24,Low,4.9
1045,15,29,Low,3.8
1046,10,21,Low,1.4
1048,17,36,Low,1.5
1049,10,35,Moderate,27
1050,5,60,Low,2.3
1051,20,120,Low,3.3
1052,17,29,Low,2.1
1053,4,120,Low,1.6
1054,17,35,Low,4.6
1055,18,40,Low,1.9
1056,13,90,Low,1.5
1057,8,90,Low,1.9
1058,8,50,High,3.3
1059,10,65,Low,2.8
1063,15,4,Low,4.1
1067,11,30,Low,5
1069,15,25,Low,1.2
1070,10,4,Low,3
1071,8,10,Low,29
1073,20,20,Low,4.2
1074,5,15,Low,2.4
1077,13,45,Low,2.5
1078,5,35,Low,2.3
1079,27,7,Moderate,4.5
1081,10,30,Low,2.3
1082,15,40,Low,2.1
1083,20,12,Low,1
1085,11,12,Low,3.5
1086,15,36,Low,1.1
1087,25,20,Low,1.6
1088,11,10,Low,1.3
1089,18,32,Low,1.7
1090,18,25,Low,0.9
1091,17,23,Low,1.4
1092,11,65,Low,1.2
1093,18,3,Low,1.1
1095,11,20,Low,3.2
1096,15,5,Low,3.3
1097,24,20,Low,17.3
1098,22,45,Low,3
1099,5,45,Low,2.7
1100,15,15,Low,2.4
1101,9,40,Low,1.3
1102,15,30,Low,1.7
1103,5,68,Low,1.7
1104,5,65,Low,1.5
1105,4,30,Low,1.8
1106,4,60,Low,0.4
1108,5,50,Low,1.6
1109,18,50,Low,1.9
1110,12,48,Low,4.1
1111,14,25,Low,1
1112,4,42,None,0.6
1113,9,42,Low,1.4
1114,26,16,Low,42
1115,18,8,Low,28.8
1234,9,50,Low,8.4
1237,10,50,Low,3.2
1239,9,90,Low,2.4
1242,20,100,Low,0.2
1247,5,25,Low,0.1
1250,10,40,Low,0.9
1252,9,15,High,3.3
1253,25,30,High,8.9
1259,10,45,Low,0.1
1260,10,100,Low,0.2
1273,5,30,Low,0.9
1373,40,5,High,30.1
1380,5,30,Low,1
1381,5,1,Low,0.9
1383,17,5,Low,0.1
1387,10,30,Moderate,8.2
1388,13,13,Low,1
1390,10,20,Low,1.2
1393,10,15,Low,0.6
1394,10,17,Moderate,0.9
1397,10,30,Low,19.8
1398,20,15,High,5.4
1448,9,110,Low,0.2
1456,20,15,Low,1
1457,25,100,Moderate,4.8
1459,15,67,High,1.7
1461,5,20,Low,0.6
1464,10,65,Low,0.6
1466,9,20,High,5.1
1467,25,20,High,21.3
1539,15,50,Low,3
1541,5,10,Low,1.6
1543,17,30,Low,0.4
1548,13,40,Low,3.8
1550,10,17,Low,5.6
1553,10,110,Low,0.7
1555,20,50,High,154
1557,10,25,Low,12.2
1927,7,100,None,3.5
2565,20,50,Moderate,1.4
2575,10,30,Moderate,1.3
2576,20,150,Low,1.2
2580,1,20,Low,8.6
2582,15,15,Low,5.4
2583,15,5,Low,1.6
2584,5,5,Low,9.6
2610,6,18,None,0.6
2611,6,63,None,1.2
2612,6,37,None,0.7
2613,6,2,None,0.4
2614,6,60,None,0.8
2615,6,2,None,0.5
2616,6,9,Low,0.3
2617,6,80,Low,1.2
2618,6,25,Low,1.2
2619,6,50,Low,3.2
2620,15,24,High,6.2
2621,15,8,Moderate,0.7
2622,15,19,Moderate,0.3
2623,15,10,High,0.3
2624,15,30,High,1
2625,15,4,Moderate,0.5
2626,15,20,Moderate,0.4
2627,15,65,High,3.2
2628,15,50,Moderate,5
2629,15,40,Moderate,8.1
2630,4,19,Moderate,0.2
2631,4,7,High,0.3
2632,4,60,High,2
2638,11,32,Moderate,11.1
2639,11,280,None,1.8
2640,11,50,Low,0.2
2641,11,2,Moderate,0.4
2642,11,300,Moderate,1.3
2643,11,4,Low,0.6
2644,15,7,None,0.5
2645,15,50,Low,12
2646,15,35,Low,32
2647,15,15,Low,1.9
2648,24,30,High,1.8
2649,24,6,Moderate,0.9
2650,24,20,High,1.4
2652,24,60,High,3.3
2653,24,7,High,1.2
2655,43,30,Low,2.1
2656,43,25,Low,9.3
2657,43,20,Low,1.44
2658,25,1,Low,3
2662,25,3,High,4.6
2663,25,1,High,1.9
2664,30,15,Low,0.8
2665,30,30,Low,1.8
2666,30,20,Low,2.4
2667,30,25,Low,2.3
2668,10,40,Low,4.2
2669,10,100,Low,1.2
2670,10,50,Low,2.9
2671,10,15,Low,3.7
2672,10,25,Low,4.4
2673,10,10,Low,4.5
2674,5,10,Low,1.7
2675,5,25,Low,1.1
2676,5,20,Low,1.2
2677,5,10,Low,0.5
2678,9,1,Low,0.1
2679,9,15,Low,0.2
2680,9,25,Low,0.1
2682,9,25,Low,0.4
2684,15,14,Low,1.2
2685,15,105,Low,0.8
2686,15,35,Low,0.9
2687,15,80,Low,1
2689,22,30,Low,0.9
2690,22,5,Moderate,0.1
2691,22,10,High,0.3
2692,22,15,Moderate,0.8
2693,22,5,Moderate,1.5
2694,9,35,Low,1.5
2695,9,105,Moderate,7.6
2696,9,50,Moderate,6.5
2697,9,65,Moderate,14.8
2810,4,15,High,67.5
2811,4,12,Low,0.2
2881,10,60,Low,1.5
2882,20,70,Low,3.9
2886,1,45,Low,13.7
2888,15,10,Low,3.8
2889,15,40,Low,7.4
2890,5,20,Low,12
2893,8,75,Low,0.1
3020,13,31,Low,1.55
3021,13,78,Low,1.62
3030,13,2,Low,0.88
3031,13,201,Low,0.97
3042,9,31,Low,0.68
3043,9,29,Low,0.82
3062,4,36,Low,0.93
3063,4,19,Low,0.85
3072,11,20,Low,0.71
3073,11,103,Low,1.89
3082,8,25,None,1.6
3083,8,7,Low,0.8
3084,8,30,Low,7
3086,8,6,Low,0.7
3087,8,4,Low,2
3088,17,15,Low,0.6
3089,17,105,Low,4.2
3090,17,56,Low,7.8
3091,17,35,Low,2.6
3112,9,34,Low,1.7
3113,9,61,Low,1.2
3122,8,12,Low,1.74
3123,8,102,Low,2.85
3132,15,150,Low,1.46
3133,15,100,Low,1.79
3142,13,38,Low,1.34
3143,13,73,Low,2.33
3152,13,36,Low,67
3153,13,103,Low,1.3
3162,9,10,Low,0.6
3163,9,140,None,1.4
3164,9,42,Low,0.2
3165,9,18,Low,0.2
3166,9,250,Low,0.4
3167,9,7,Low,0.9
3168,5,24,Low,0.6
3169,5,200,Low,3.1
3170,5,20,Low,2.9
3171,5,35,Low,2.5
3172,15,8,Low,0.5
3173,15,36,Low,0.4
3177,15,1,Low,0.6
3178,10,5,Low,1.1
3179,10,99,Low,1.7
3180,10,50,Low,2.4
3181,10,10,Low,1.6
3182,50,94,High,8.1
3183,50,63,High,15.2
3188,35,42,High,8.2
3189,35,30,Moderate,7.4
3190,35,110,High,27.1
3191,35,75,Moderate,4.7
3192,5,34,Low,2.11
3193,5,201,Low,2.09
3212,4,21,Low,1.2
3213,4,101,Low,0.57
3222,15,23,Low,1.32
3223,15,56,Low,1.07
3232,5,6,Moderate,1.38
3233,5,35,Low,2.37
3242,17,10,Moderate,1.68
3243,17,57,Low,1.19
3252,4,103,Low,1.21
3253,4,90,Low,0.7
3262,4,62,Low,0.97
3263,4,503,Low,0.68
3269,11,42,Low,3.6
3270,11,120,None,0.8
3271,11,86,None,0.3
3272,11,4,Low,0.4
3273,11,200,Low,0.2
3275,15,14,Low,0.6
3276,15,215,Moderate,7.9
3277,15,35,Low,10.8
3278,15,68,Moderate,49.1
3280,8,15,Low,1.9
3281,8,50,Low,1.4
3282,8,10,Low,0.8
3283,8,30,Low,0.1
3285,8,5,Low,1.3
3286,8,180,Low,32
3287,8,75,Low,228
3288,8,60,Low,32
3289,5,75,Low,1.4
3290,5,20,Low,0.9
3293,5,60,Low,0.8
3295,5,10,Low,0.7
3296,5,52,Low,2.2
3297,5,30,Low,2.2
3298,5,25,Low,2.7
3309,17,31,Low,2.97
3310,17,116,Low,1.62
3319,11,42,Low,1.67
3320,11,128,Low,1.21
3329,5,78,Low,1.25
3330,5,32,Low,1.76
3339,17,203,Low,2.38
3340,17,59,Low,0.9
3349,13,63,Moderate,3.28
3350,13,21,Moderate,1.31
3359,30,30,High,6.4
3360,30,50,None,0.6
3361,30,50,Moderate,0.5
3365,20,15,Low,3.4
3366,20,56,High,48.2
3367,20,20,High,125.5
3368,20,25,High,145
3369,6,55,Low,0.1
3370,6,136,None,0.3
3372,6,6,Low,0.2
3373,6,200,Low,0.2
3374,6,3,Low,0.3
3375,15,45,Low,1.2
3376,15,250,Low,1.8
3377,15,100,Low,1.4
3378,15,75,Low,2.1
3381,25,12,High,0.3
3382,25,36,High,0.2
3383,25,3,High,0.1
3389,15,43,None,9.4
3390,15,80,Low,0.1
3395,28,36,Low,4.7
3396,28,30,Low,5
3397,28,40,Low,24
3398,28,70,Low,5.7
3399,17,10,Moderate,2.07
3400,17,101,Low,1.41
3409,11,72,Low,0.65
3410,11,61,Low,1.11
3419,17,28,Low,0.38
3420,17,5,Low,1.4
3429,5,23,Low,1.94
3430,5,47,Low,1.32
3439,11,24,Low,1.3
3440,11,41,Low,0.82
3449,5,63,None,0.4
3450,5,36,None,0.5
3451,5,140,Low,0.1
3452,5,7,Low,0.3
3453,5,131,Low,0.8
3455,10,36,Low,1.9
3456,10,64,Low,1.4
3457,10,55,Low,2.1
3458,10,180,Low,1.7
3459,12,40,Low,3.2
3460,12,30,Low,0.6
3461,12,20,Moderate,0.4
3462,12,10,High,0.6
3463,12,30,High,1
3464,12,7,Moderate,0.8
3466,25,30,High,26.6
3467,25,15,High,80.2
3468,25,25,High,103.5
3469,8,15,High,105.3
3470,8,20,Low,0.8
3475,7,16,Low,4.3
3476,7,105,High,203
3477,7,85,High,175
3478,7,59,High,139
3479,15,15,Low,0.8
3481,15,60,Moderate,1.8
3485,20,52,Moderate,11
3486,20,112,Moderate,0.7
3487,20,82,High,6
3488,20,45,Moderate,1.7
3489,21,39,Low,1.08
3490,21,87,Moderate,2.61
3494,10,80,Low,4.2
3500,10,9,Low,2.1
3501,10,55,Moderate,28.9
3502,10,30,Moderate,52.6
3503,10,45,Moderate,129.6
3506,17,180,Moderate,0.4
3508,17,200,None,0.6
3509,17,5,Low,0.9
3510,10,5,Low,0.6
3511,10,200,Low,6.6
3512,10,30,Low,4.4
3513,10,60,Low,2.5
3519,13,58,Low,1.21
3520,13,42,Low,1.03
3529,13,78,Low,1.6
3530,13,103,Low,1.39
3539,17,103,Low,0.9
3540,17,52,Low,1.32
3559,5,22,High,1.48
3560,5,54,Low,1.53
3569,17,3,Low,2.27
3570,17,10,Low,3.25
3579,8,87,None,0.72
3580,8,52,None,1.42
3600,10,93,None,0.7
3602,10,12,Low,0.1
3603,10,200,Low,0.8
3605,10,30,Low,1.2
3606,10,50,Low,1.2
3607,10,110,Low,1.7
3608,10,75,Low,1.2
3609,6,66,Low,1.3
3610,6,220,None,0.3
3611,6,2,Low,0.8
3612,6,37,Low,0.9
3613,6,80,Low,1
3615,10,24,Low,0.6
3616,10,70,Low,2.2
3617,10,17,Low,2.3
3618,10,7,Low,2.6
3619,18,128,Low,0.76
3620,18,47,Low,1.6
3629,5,2,Moderate,14.5
3639,33,29,Moderate,1.97
3640,33,108,Low,1.61
3649,17,134,Low,2.26
3650,17,71,Low,2.36
3659,5,68,Low,0.45
3660,5,23,Low,2.05
3669,18,39,Moderate,1.7
3670,18,27,Moderate,4.23
3679,11,8,Low,0.3
3680,11,27,Low,0.35
3689,13,37,Low,1.11
3690,13,121,Low,1.17
3699,13,18,Low,0.87
3700,13,67,Low,0.89
3707,21,32,Low,1.22
3708,21,84,Low,0.72
3717,17,23,Low,1.01
3718,17,47,Low,2.2
3727,9,35,Low,1.02
3728,9,42,Low,2.85
3737,5,14,Low,5.39
3738,5,23,Low,1.03
3747,22,20,Low,3.94
3748,22,45,Low,0.82
3757,21,14,Low,1.23
3758,21,20,Low,2.87
3767,11,63,Low,0.69
3768,11,271,Low,1.72
3777,15,45,Moderate,2.95
3778,15,46,Low,0.83
3787,4,25,Low,1.54
3788,4,34,Low,1.14
3797,28,33,Moderate,1.34
3798,28,17,Low,1.21
3807,4,31,Low,0.46
3808,4,63,Low,9.3
3817,18,59,Low,0.94
3818,18,63,Low,1.42
3827,30,30,High,1.55
3828,30,70,Low,1.42
3840,8,15,Low,0.74
3841,8,29,Low,1.04
3850,18,23,Low,0.69
3851,18,54,Low,1
3860,17,67,Low,1.15
3861,17,137,Low,0.95
3870,18,35,Low,1.25
3871,18,20,Moderate,0.88
3880,15,23,Moderate,7.82
3881,15,76,Low,1.11
3890,17,43,Low,2.23
3891,17,62,Low,1.51
3900,9,20,Moderate,0.56
3901,9,40,Low,0.86
3920,5,25,Low,0.8
3921,5,20,Low,1.24
3930,13,31,Low,0.65
3931,13,93,Low,0.59
3941,21,30,Low,13.3
3959,5,59,Low,1.51
3960,5,48,Low,1.29
3969,11,21,Low,0.97
3970,11,56,Low,0.77
3979,8,40,Low,0.82
3980,8,20,Low,1.19
3989,17,48,Low,1.67
3990,17,71,Low,0.85
4009,15,19,Low,1.18
4010,15,27,Low,0.8
4019,13,5,High,2.12
4020,13,15,Low,2.33
4029,11,43,Low,4.33
4030,11,62,Low,0.78
4039,8,8,Low,0.95
4040,8,26,Low,0.62
4049,5,24,Low,1
4050,5,98,Low,1.05
4059,15,45,Low,1.87
4060,15,40,Low,2.82
4069,13,9,Moderate,1.44
4070,13,17,Low,0.87
4079,11,45,Low,3.09
4080,11,35,High,0.9
4090,5,20,Low,0.78
4099,21,19,Moderate,1.68
4100,21,23,Low,2.31
4109,9,37,Low,1.51
4110,9,78,Low,2.86
4119,8,25,Low,1.09
4120,8,120,Low,0.79
4129,20,33,Low,1.33
4130,20,178,Low,1.16
4139,4,41,Low,1
4140,4,62,Low,1.53
4149,21,103,Moderate,1.17
4150,21,67,Moderate,1.18
4159,11,14,Low,4.27
4160,11,87,Low,5.15
4171,8,30,Low,1.27
4180,5,24,Low,1.57
4181,5,108,Low,1.01
4200,5,31,Low,1.37
4201,5,104,Low,1.47
4210,21,18,Low,18.4
4211,21,15,Low,15
4221,5,13,Moderate,2.33
4226,5,19,Low,2.2
4227,5,51,Low,1
4237,9,14,Low,1.17
4246,28,5,Low,4.45
4247,28,8,Low,2.46
4256,18,12,Moderate,5.2
4257,18,71,Moderate,2.8
4265,18,20,Low,8.57
4266,21,3,Low,1.87
4267,21,3,Low,0.86
4276,56,9,Low,21.82
4277,56,18,Low,17.52
4279,8,20,Low,1.34
4280,8,15,Low,0.92
4289,11,23,Low,3.59
4290,11,28,Low,1.62
4309,9,58,Low,1.65
4319,5,1,Low,3.29
4320,5,28,Low,4.28
4339,9,26,Low,2.44
4340,9,48,Low,1.58
4349,24,32,Low,6.24
4350,24,12,Low,4.29
4359,11,4,Low,1.08
4360,11,14,Low,0.94
4370,17,46,High,2.41
4379,11,21,Low,1.87
4380,11,16,Low,0.59
4389,18,68,Moderate,2.16
4396,28,31,Moderate,1.18
4397,28,200,Low,0.97
4406,5,22,Low,2.58
4407,5,98,Low,1.13
4416,15,27,Low,1.27
4417,15,4,Low,1.57
4427,17,68,High,20
4436,11,34,Low,2.55
4437,11,71,Low,1.14
4446,18,28,Low,1.4
4447,18,13,Low,2.21
4456,8,9,Moderate,1.4
4457,8,67,Low,2.58
4466,17,16,Low,1.11
4467,17,21,Low,0.88
4476,4,1,Low,0.88
4477,4,73,Low,0.9
4496,15,11,Low,2.29
4497,15,68,Low,1.28
4506,11,104,None,1.87
4507,11,46,None,2.24
4516,21,1,Low,3.49
4517,21,26,Low,1.14
4527,21,60,High,4
4537,18,22,Moderate,2.1
4557,11,39,Low,2.42
4566,13,3,Low,1.46
4567,13,53,Low,1.92
4576,35,46,Low,1.39
4577,35,21,Low,1.31
4600,17,6,Low,2.46
4611,9,11,Low,1.27
4621,13,14,None,1.39
4626,18,19,Low,2.13
4627,18,46,Low,2.82
4636,11,17,Low,3.97
4637,11,64,Low,2.24
4646,13,26,Low,1.38
4647,13,41,Low,1.62
4660,13,1,Low,3.32
4661,13,23,Low,1.24
4670,5,21,Low,1.71
4671,5,211,Low,5.23
4680,20,7,Low,7.21
4681,20,89,Low,2.28
4704,35,46,Low,1.16
4713,9,9,High,3.94
4714,9,31,High,4.2
4723,13,9,Low,4.95
4724,13,16,Low,5.46
4733,11,21,Moderate,2.15
4734,11,25,Low,5.24
4741,21,3,Low,2.31
4742,21,32,Low,2.68
4751,13,65,Low,65.2
4752,13,42,Low,47
4761,22,16,Low,10.2
4762,22,24,Low,21.3
4771,22,21,Low,5.4
4772,22,25,Low,8.9
4781,13,14,Low,1.17
4782,13,83,Low,1.17
4800,15,3,None,4.64
4801,15,26,None,1.37
4814,8,15,Low,2.07
4824,28,111,High,42.15
4833,4,14,Low,2.88
4834,4,26,Low,2.01
4843,13,4,Low,1.75
4844,13,21,Low,8.7
4853,9,29,Low,5.06
4854,9,12,Moderate,2.03
4867,8,6,Low,1.65
4868,8,4,Low,0.89
4878,9,21,Low,1.29
4887,26,40,Low,1.65
4888,26,9,Low,2.23
4897,33,23,Low,15.8
4898,33,11,Low,4.6
4907,11,11,Low,2.11
4908,11,23,Low,1.68
4917,8,32,Low,1.34
4918,8,64,Low,1.02
4927,7,1,Low,5.09
4928,7,42,Low,2.49
4937,15,18,Low,5.89
4938,15,311,Low,9.54
4947,26,16,Low,5.01
4948,26,10,Low,3.12
4963,15,39,Moderate,3.14
4964,15,7,Moderate,2.13
4973,9,37,Low,0.88
4974,9,104,Low,1.9
4983,10,39,Moderate,2.81
4984,10,38,Low,2.3
4993,13,30,Low,6.28
4994,13,47,Low,2.14
5003,8,30,Low,8.57
5004,8,22,Low,6.4
5014,15,46,Low,11.8
5024,5,9,Low,2.08
5034,18,14,Moderate,6.95
5053,30,9,Low,3.01
5054,30,37,Low,1.84
5063,21,24,Low,3.21
5064,21,56,Low,5.46
5073,17,6,Low,5.89
5074,17,6,Low,8.96
5083,8,3,Low,4.19
5084,8,26,Low,3.95
5090,13,3,Low,3.28
5091,13,21,Low,6.21
5100,15,3,Low,4.28
5101,15,56,Low,2.13
5110,9,6,Low,2.3
5111,9,12,Low,1.92
5130,9,1,Low,4.4
5131,9,3,Low,6.63
5140,5,3,Low,1.22
5141,5,4,Low,1.5
5150,3,2,Low,1.84
5151,3,12,Low,1.06
5170,9,11,Low,3.65
5171,9,11,Low,5.23
5190,25,19,High,6.89
5191,25,11,Moderate,4.55
5210,4,14,Low,1.19
5211,4,11,Low,1.47
5230,15,12,Low,5.64
5231,15,3,Low,8.52
5240,9,1,Low,3.35
5251,35,9,Low,0.89
5260,35,13,Low,19.4
5261,35,21,Low,16.5
5270,10,15,Moderate,7.33
5280,8,3,Low,5.15
5281,8,16,Low,1.9
5290,5,1,High,6.38
5291,5,3,High,12.1
5301,12,10,Low,1.69
5325,15,28,Low,0.74
5326,15,2,Moderate,0.75
5336,5,3,Low,3.75
5350,31,7,Low,1.69
5351,31,39,Low,1.84
5360,7,10,Low,5.64
5361,7,15,Low,3.28
5370,11,7,Moderate,1.49
5371,11,14,Moderate,2.45
5391,6,21,Low,3.42
5400,15,70,Low,4.39
5401,15,14,Low,1.41
5412,17,22,Low,2.58
5413,17,42,Low,2.34
5422,9,3,Low,1.37
5423,9,7,Low,1.3
5442,18,4,Low,2.1
5443,18,12,Low,1.9
5452,9,12,Moderate,8.56
5453,9,14,Moderate,8.97
5483,21,3,Low,1.93
5492,15,3,Moderate,5.26
5493,15,17,Low,9.62
5502,2,13,Low,2.77
5503,2,4,Low,1.16
5521,15,7,Low,3.19
5529,28,21,Moderate,2.58
5530,28,1,Moderate,8.56
5539,18,19,Low,16.52
5540,18,19,Low,19.23
5549,9,13,Low,2.1
5550,9,7,Low,1.19
5569,22,2,Low,2.85
5570,22,10,Low,4.47
5589,12,4,High,3.21
5590,12,12,Moderate,3.68
5599,8,28,Low,3.92
5600,8,11,Low,3.44
5610,7,7,Low,8.32
5611,7,13,Low,5.41
5630,21,19,Low,6.92
5631,21,6,Low,4.71
5638,8,3,Low,2.15
5639,8,24,Low,4.82
5648,16,12,Low,5.26
5649,16,12,Low,3.25
5668,8,2,Low,76.1
5678,13,12,Low,3.45
5679,13,5,Low,1.65
5688,9,16,Low,7.43
5689,9,10,Low,3.37
5708,15,4,Moderate,6.32
5709,15,13,Moderate,8.21
5730,11,21,Moderate,14.7
5731,11,13,Low,5.77
5741,5,14,Low,10.8
5760,4,4,Low,1.3
5761,4,28,Low,1.48
5770,9,33,Low,1.53
5771,9,187,Low,0.9
5810,22,11,Low,21.2
5811,22,6,Low,13.27
5820,7,5,Moderate,14.7
5821,7,10,Low,2.04
5830,5,12,Low,7.4
5831,5,8,Low,1.22
5841,7,11,Low,1
5850,18,9,Low,12.28
5851,18,12,Low,6.54
5860,9,24,Low,1.59
5861,9,17,Low,1.18
5870,16,39,Low,3.85
5871,16,39,Low,5.62
5881,9,7,Low,3.24
5891,4,16,Low,5.49
5900,29,12,Low,2.27
5901,29,28,Low,2.76
5910,5,56,Moderate,3.12
5911,5,19,Low,2.03
5920,18,10,Low,2.84
5921,18,33,Low,1.2
5930,4,3,Low,11.3
5931,4,9,Low,5.53
5941,15,7,Low,1.29
5950,12,5,None,1.12
5951,12,32,None,1.03
5971,25,13,Low,1.25
5980,8,55,High,3.42
5981,8,19,Low,1
5990,12,41,Low,1.18
5991,12,77,Low,3.92
6000,10,28,Low,3.89
6010,5,5,Low,0.46
6011,5,13,Low,0.98
6020,8,5,Low,0.9
6021,8,7,Low,0.63
6040,13,26,Low,2.87
6041,13,5,Low,2.13
6050,7,49,Low,3.14
6051,7,27,Low,3.15
6060,6,17,Low,2.67
6061,6,4,None,9.36
6070,3,74,Low,2.95
6071,3,23,Low,2.9
6100,3,64,Low,4.12
6101,3,32,Low,3.86
6110,7,22,Low,2
6111,7,17,Low,1.01
6120,8,9,Low,3.18
6121,8,31,Low,2.86
6130,9,27,Moderate,4.4
6131,9,42,Moderate,1.27
6141,6,32,Low,5.2
6150,7,32,Low,2.34
6151,7,237,Low,3.39
6160,37,27,Low,0.79
6161,37,45,None,0.81
6170,9,80,Moderate,0.64
6171,9,52,High,1.1
6180,18,23,Low,3.08
6181,18,37,Low,1.03
6190,7,18,Low,1.74
6201,30,18,Low,2.19
6240,12,87,Low,0.76
6241,12,75,Low,1.25
6250,9,120,Low,1.42
6251,9,270,Low,1.16
6261,7,55,Moderate,1.6
6270,16,5,Moderate,0.95
6271,16,9,None,3.11
6280,4,5,Low,1.39
6281,4,20,Low,0.75
6290,6,18,Low,3.02
6291,6,14,Low,2.35
6300,10,9,Low,2
6301,10,27,Low,1.82
6310,25,30,High,4.49
6311,25,24,High,1.59
6320,8,59,Moderate,3.26
6321,8,37,Low,1.89
6330,5,14,Low,2.08
6331,5,7,Low,1
6340,10,1,Low,2.22
6341,10,12,Low,1.09
6360,5,78,Low,0.68
6361,5,267,Low,0.83
6370,9,180,Low,1.66
6371,9,110,Low,0.82
6380,9,27,Low,1.65
6381,9,82,Low,2.48
6390,5,39,Low,1.38
6391,5,22,Low,1.11
6400,9,11,Low,2.03
6410,5,16,Low,3.18
6411,5,22,Low,2.13
6420,20,6,Low,0.99
6421,20,13,Low,0.87
6430,15,17,Low,1.81
6431,15,9,Low,1.7
6440,14,3,Low,1.04
6441,14,13,Low,1.21
6450,3,54,Low,1.47
6451,3,37,Low,1.16
6460,4,19,Low,1.24
6461,4,10,Low,3.21
6470,5,28,Low,0.78
6471,5,32,Low,0.66
6480,12,60,Moderate,1.96
6481,12,20,Low,3.54
6490,6,7,Low,1.21
6491,6,19,Low,1.06
6500,15,27,High,18.1
6501,15,41,Moderate,3.15
6510,13,19,High,11.9
6511,13,11,High,17.2
6520,15,14,Low,1.16
6521,15,67,Low,0.6
6531,10,2,Low,1.55
6540,14,54,Moderate,1.01
6541,14,23,Low,1.26
6550,11,54,Low,3.11
6551,11,23,Low,1.78
6560,24,80,Low,0.78
6561,24,140,Low,1.54
6570,14,23,Low,1.1
6571,14,320,Low,1.15
6580,11,15,Low,1.94
6581,11,37,Low,1.25
6600,26,7,Low,1.65
6601,26,19,Low,1.67
6610,11,12,Low,0.53
6611,4,42,Low,1.43
6612,4,15,Low,3.27
6621,24,29,Low,1.11
6622,24,14,Low,3.21
6631,10,30,Low,1.64
6632,10,8,Low,1.86
6641,5,11,Moderate,2.04
6642,5,12,Moderate,1.31
6661,12,14,Low,3.09
6662,12,53,Low,1.62
6671,5,39,Low,1.96
6672,5,18,Low,2.31
6681,7,5,Low,0.94
6682,7,17,Low,0.68
6691,5,5,Moderate,2.51
6692,5,14,None,2.32
6701,11,50,Low,0.77
6710,10,12,Low,2.83
6711,10,23,Low,7.65
6720,19,12,High,3.59
6721,19,19,High,3.55
6750,8,14,Low,1.08
6751,8,23,Low,1.53
6760,9,6,Low,12.5
6761,9,27,Low,1.16
6770,4,4,Low,1.26
6771,4,23,None,0.63
6780,12,7,Low,2.08
6781,12,32,Low,1.48
6790,9,7,Moderate,5.18
6791,9,19,Low,2.73
6801,18,10,None,1.11
6810,6,11,Low,1.19
6811,6,27,Low,1.63
6820,5,8,Low,0.97
6821,5,32,Low,1.4
6828,11,24,Low,1.84
6837,9,11,Low,1.14
6838,9,42,Low,1.04
6857,7,14,Low,6.46
6858,7,57,Low,4.34
6867,10,11,Low,1.52
6868,10,47,Low,18.2
6877,9,6,Low,0.87
6878,9,43,Low,0.85
6897,8,7,Moderate,4.89
6898,8,14,Low,1.31
6908,7,15,None,1.86
6918,12,9,None,2.02
6937,5,120,Moderate,1.86
6938,5,87,Moderate,2.51
6947,2,2,Low,3.08
6948,2,7,Low,1.27
6957,16,20,Low,2.31
6958,16,7,Low,1.05
6967,8,12,Low,1.38
6968,8,22,Low,12.9
6978,18,7,Moderate,2.35
6987,6,11,Low,1.14
6988,6,25,Low,0.96
6998,14,8,None,6.79
7014,9,11,Low,5.72
7023,9,48,Low,1.94
7024,9,15,Low,5.5
7033,15,9,Low,1.57
7034,15,22,Low,3.23
7043,12,2,None,2.66
7044,12,12,None,2.7
7054,8,18,Low,0.97
7067,7,3,Low,2.47
7068,7,8,Low,0.99
7077,12,19,Low,2.08
7078,12,47,Moderate,0.97
7097,3,42,Low,1.74
7098,3,19,Low,1.31
7108,8,3,None,1.02
7117,8,11,Low,3.01
7118,8,19,Low,2.93
7127,16,4,Low,2.18
7128,16,15,None,0.7
7137,11,34,Low,5.85
7138,11,49,Low,1.34
7147,26,8,Moderate,2.69
7157,12,25,Low,2.3
7158,12,11,Low,0.91
7167,15,9,High,7.51
7168,15,29,Moderate,3.62
7188,4,14,None,0.98
7210,19,7,Low,11.1
7211,19,24,Low,1.31
7220,21,7,High,4.29
7221,21,11,High,2.5
7231,16,19,Low,1.8
7240,10,12,Low,0.99
7241,10,15,Low,1.16
7250,7,19,Low,1
7251,7,450,Low,1.23
7260,11,8,Low,1.02
7261,11,57,Low,1.31
7280,12,8,Low,1.42
7281,12,27,Low,2.06
7290,22,75,Low,0.78
7291,22,10,Low,0.71
7300,16,15,Low,0.84
7301,16,47,Low,1.15
7310,4,3,Low,1.25
7311,4,17,None,1.13
7320,7,4,Low,1.12
7321,7,10,None,0.88
7324,16,9,Low,1.04
7325,16,47,Low,1.74
7334,4,2,Low,2.88
7335,4,17,None,0.82
7344,8,12,Low,1.92
7345,8,28,Low,0.8
7354,14,54,Low,1.46
7355,14,27,Low,4.27
7364,4,52,Low,4.31
7365,4,47,Low,1.56
7374,10,11,Low,2.5
7375,10,29,Low,1.32
7384,12,2,Low,1.58
7385,12,8,None,2.88
7395,11,10,None,1.88
7410,5,11,Low,3.62
7411,5,27,Low,0.94
7431,15,40,Low,1.78
7440,20,4,Moderate,5.74
7441,20,37,Moderate,0.76
7450,10,5,Low,3.5
7451,10,10,Low,1.98
7460,15,9,Moderate,2.69
7461,15,14,Moderate,3.62
7470,10,13,Low,2.14
7471,10,27,Low,8.48
7480,10,8,Low,1.96
7481,10,20,Low,2.23
7490,15,7,Low,8.75
7491,15,24,Low,4.76
7500,5,15,Low,2.18
7501,5,10,Low,3.42
7510,8,21,Low,1.28
7511,8,3,Low,1.44
7520,6,20,Low,2.98
7521,6,16,Low,2
7530,15,11,Low,1.75
7531,15,22,Low,1.28
7535,10,8,Low,1.72
7536,10,25,Low,1.96
7546,20,27,High,3.91
7555,10,4,Low,2.43
7570,12,5,Low,0.93
7571,12,15,Low,1.57
7591,12,7,Low,3
7601,14,5,Low,1.21
7611,11,5,Low,1.45
7620,13,15,High,1.53
7621,13,10,High,1.31
7630,10,10,Low,0.53
7631,10,27,Low,0.71
7650,10,40,Moderate,1.55
7651,10,12,Low,0.01
7660,20,2,Low,4.37
7661,20,18,Low,1.27
7670,20,14,Low,3.57
7671,20,12,Low,0.68
7680,30,14,Low,2.35
7681,30,8,Low,3.65
7691,7,47,Low,3.07
7701,24,15,Moderate,1.36
7710,10,4,Low,1.88
7711,10,32,Low,1.68
7720,3,7,Low,1.42
7721,3,5,Low,1.68
7730,23,6,High,6.11
7731,23,6,High,1.21
7740,10,7,Low,0.62
7741,10,12,Low,0.54
7747,20,3,Low,2.48
7748,20,5,Low,1.25
7757,15,3,Low,1.96
7758,15,10,Low,1.8
7767,10,9,Low,1.84
7768,10,27,Low,1.96
7777,21,20,Low,2.02
7778,21,30,Low,1.18
7788,20,12,Moderate,0.76
7797,18,34,Low,1.58
7798,18,9,Low,1.91
7807,20,8,Low,3.04
7808,20,22,Low,2.44
7817,13,10,Low,0.65
7818,13,10,Low,1.14
7827,20,25,High,1.33
7828,20,12,Moderate,1.3
7837,10,8,Low,1.1
7838,10,1,Low,2.48
7847,20,1,Low,0.91
7848,20,10,Low,0.89
7853,3,45,Low,0.8
7854,3,30,Low,2.11
7863,20,30,Moderate,2.57
7864,20,20,Low,0.88
7874,10,36,Low,1.14
7883,6,13,Low,1.31
7884,6,20,Low,2.19
7907,15,12,Low,0.97
7908,15,25,Low,1.77
7917,10,4,Low,0.65
7927,10,4,Low,0.42
7928,10,17,Low,0.87
7940,3,3,Low,1.02
7960,15,21,Moderate,6.46
7961,15,32,Moderate,6.65
7970,3,4,Low,4.2
7971,3,5,Low,2.54
7990,10,1,Low,2.04
7991,10,17,Low,0.97
8000,8,3,Low,0.81
8001,8,8,Low,2.39
8010,11,7,Low,1.04
8011,11,5,Low,1.43
8020,10,3,Low,1.32
8030,11,12,Low,0.66
8031,11,10,Low,0.88
8040,6,7,Low,0.74
8041,6,23,Low,0.86
8050,12,8,Low,0.66
8051,12,14,Low,0.63
8060,10,11,Low,0.79
8061,10,27,Low,0.89
8070,6,30,Moderate,1.76
8071,6,10,Moderate,1.12
8080,20,11,Low,2.37
8081,20,27,Low,1.57
8090,20,18,Low,1.74
8091,20,20,Low,1.58
8110,18,5,Moderate,8.4
8111,18,10,Moderate,4.35
8120,11,10,Low,13.4
8121,11,5,Low,2.14
8130,10,3,Low,4.66
8131,10,20,Low,3.56
8140,5,11,Low,35.2
8141,5,16,Low,1.85
8150,7,10,Low,2.74
8151,7,1,Low,1.69
8160,6,1,Low,17.3
8161,6,17,Low,2.76
8171,20,6,High,8.25
8180,10,11,Low,1.56
8181,10,34,Low,1.42
8190,5,7,Low,1
8191,5,13,Low,1.11
8200,4,27,Low,1.1
8201,4,112,Low,0.95
8230,11,4,High,2.82
8231,11,50,High,1.92
8240,17,17,Low,0.36
8241,17,37,Low,0.47
8250,13,11,Low,0.37
8251,13,39,Low,0.62
8260,18,60,Low,1.02
8261,18,110,Low,0.77
8270,11,30,Low,0.62
8271,11,10,Low,0.8
8280,9,47,Low,1.12
8281,9,52,Low,0.74
8285,24,2,Moderate,3.11
8294,15,3,Moderate,1.72
8295,15,10,Moderate,3.3
8304,19,3,Low,0.99
8305,19,12,Low,0.69
8314,6,6,Low,1.86
8315,6,24,Low,2.03
8324,16,13,Moderate,17.9
8325,16,6,Moderate,3.24
8334,8,2,Low,0.83
8335,8,17,Low,0.71
8344,8,11,Low,1.1
8345,8,17,Low,0.73
8354,10,4,Low,2.95
8355,10,19,Low,1.19
8364,11,14,Low,1.87
8365,11,47,Low,0.85
8374,21,7,Low,1.08
8375,21,40,Low,1.96
8394,19,3,Low,1.24
8404,10,9,Moderate,2.1
8405,10,10,Low,2.23
8414,10,7,Low,1.85
8415,10,26,Low,1.14
8425,7,12,Low,0.86
8434,15,12,High,1.25
8435,15,34,Moderate,0.59
8445,17,15,High,1.71
8454,9,13,Low,0.68
8455,9,27,Low,0.8
8464,11,32,Low,0.9
8465,11,60,Low,0.46
8474,13,23,Low,0.9
8475,13,17,Low,1.67
8484,4,5,Low,2.06
8485,4,50,Low,1.12
8500,17,12,Moderate,1.12
8501,17,57,Moderate,1.13
8503,9,6,Low,1.49
8504,9,8,Low,1.09
8513,15,23,Low,1.51
8514,15,37,Low,0.8
8523,8,23,Low,1.39
8524,8,8,Low,1.49
8533,5,6,Low,0.94
8534,5,2,Low,0.9
8543,3,13,Low,0.65
8544,3,8,Low,1.16
8563,16,27,Low,0.34
8564,16,16,Low,0.7
8573,18,40,Moderate,0.82
8574,18,60,Moderate,0.64
8593,8,7,Low,0.54
8594,8,32,Low,0.96
8610,15,20,Low,0.44
8611,15,20,Low,0.85
8613,7,23,Low,1.18
8614,7,8,Low,0.83
8633,15,10,Low,3.13
8634,15,6,Low,1.06
8643,5,17,Low,0.49
8644,5,24,Low,0.62
8653,9,17,Low,1.71
8654,9,48,Low,0.88
8673,22,30,Low,0.4
8674,22,55,Low,0.27
8683,11,23,Low,1.51
8684,11,32,Low,0.8
8693,4,66,Moderate,1.4
8694,4,12,Moderate,0.9
8703,11,7,Low,0.78
8704,11,30,Low,1.25
8713,8,47,Low,0.54
8714,8,52,Low,0.65
8723,10,24,Low,1.28
8724,10,12,Low,0.78
8743,11,6,Low,1.66
8744,11,21,Low,1.07
8753,6,2,Low,1.41
8763,15,2,Low,2.16
8764,15,15,Low,0.76
8774,5,7,Low,1.07
8783,20,4,Low,1.91
8784,20,25,Low,1.11
8793,22,28,Moderate,2.28
8794,22,34,High,0.72
8803,8,50,Low,2.46
8804,8,67,Low,0.49
8813,9,7,Low,12.5
8814,9,23,Low,0.69
8823,35,22,Low,0.61
8824,35,70,Low,0.94
8834,15,36,Low,1.46
8843,10,30,Low,1.59
8844,10,4,Low,0.66
8854,15,19,Low,0.9
8863,17,2,Low,2.02
8864,17,14,Low,1.25
8873,21,4,High,8.41
8874,21,17,Moderate,1.56
8883,9,16,Low,1.9
8884,9,31,Low,0.8
8893,4,10,Low,0.73
8894,4,100,Low,0.75
8903,11,12,Low,0.91
8904,11,39,Low,1.33
8913,4,10,Low,1.31
8914,4,35,Low,1.22
8923,8,7,Low,1.43
8924,8,42,Low,1.24
8933,8,30,Low,1.42
8934,8,65,Low,1.02
8943,8,40,Low,1.62
8944,8,110,Low,0.8
8953,13,15,Moderate,0.57
8954,13,55,Low,0.49
8963,5,15,Low,1.73
8964,5,90,Low,0.62
8983,15,32,Moderate,2.04
8984,15,40,Moderate,1.71
9003,9,30,High,3.25
9004,9,60,High,0.92
9014,4,70,Low,0.38
9023,13,12,Low,0.93
9024,13,47,Low,0.77
9033,8,10,Low,1
9034,8,75,Low,0.73
9053,5,45,Low,1.41
9054,5,90,Low,1.22
9063,13,60,Low,1.05
9064,13,200,Low,1.45
9073,11,30,Moderate,3.83
9074,11,60,Low,1.06
9083,9,25,Low,1.51
9084,9,70,Low,0.94
9103,5,35,Low,4.61
9104,5,59,Low,2.43
9113,8,10,Low,0.73
9114,8,150,Low,0.6
9123,21,12,Moderate,1.31
9124,21,7,Moderate,0.66
9133,13,15,Low,0.96
9134,13,40,Low,1.01
9153,8,25,Low,2.36
9154,8,8,Low,1.35
9163,8,60,Low,1.02
9164,8,20,Low,0.89
9172,8,13,Low,2.05
9173,17,17,High,1.05
9174,17,26,High,1.74
9194,13,27,High,0.88
9204,8,200,Low,0.68
9213,4,12,Low,0.64
9214,4,27,Low,1.02
9233,20,30,Low,0.91
9234,20,10,Low,1.2
9254,8,15,Low,2.35
9263,8,3,Low,3.24
9264,8,50,Low,2.25
9273,18,3,Low,0.42
9274,18,31,Low,0.8
9283,5,34,Low,0.69
9284,5,70,Low,0.89
9303,18,10,Moderate,1.56
9323,17,57,Moderate,1.26
9324,17,85,Moderate,0.73
9333,17,65,Low,1.08
9334,17,26,Low,1.14
9343,5,8,Low,1.6
9344,5,42,Low,0.67
9363,5,7,Low,22.2
9364,5,15,Low,3.71
9373,7,6,Low,2.27
9374,7,30,Low,1.75
9383,20,7,Low,2.58
9384,8,20,Low,0.69
9385,8,60,Low,0.43
9394,5,10,Low,0.93
9395,5,73,Low,0.76
9404,5,5,Low,5.49
9405,5,30,Low,1.69
9414,9,42,Low,2.96
9415,9,16,Low,1.51
9424,11,5,Low,1.65
9425,11,35,Low,1.49
9454,30,15,High,2.2
9464,20,50,Low,4.62
9473,15,10,Low,0.64
9474,15,42,Low,1.41
9490,11,11,Low,0.77
9491,11,35,Low,0.77
9498,5,31,Low,0.62
9499,5,24,Low,0.74
9508,11,18,High,1.53
9509,11,27,High,1.26
9518,5,12,Low,0.58
9519,5,135,Low,0.67
9528,26,132,High,4.42
9529,26,87,Moderate,1.22
9538,11,30,Low,2.68
9539,11,39,Low,0.77
9558,24,30,Low,0.69
9559,24,75,Low,1.47
9568,17,25,Low,0.65
9569,17,60,Low,1.06
9578,9,13,Low,1.02
9579,9,140,Low,0.74
9588,5,35,Low,0.95
9589,5,90,Low,2.16
9598,9,31,Low,0.75
9599,9,27,Low,0.8
9608,18,11,Moderate,1.12
9609,18,30,Low,0.83
9618,4,45,Moderate,0.63
9619,4,70,Low,0.48
9629,8,40,Low,0.92
9638,11,35,Low,1.41
9639,11,45,Low,0.57
9659,15,30,Low,4.72
9670,17,16,Moderate,0.99
9671,17,32,Moderate,1.44
9680,5,64,Low,3.58
9681,5,35,Low,2.39
9690,17,13,Low,1.23
9691,17,42,Low,1.16
9700,17,15,High,3.78
9701,17,47,Low,1.39
9710,4,12,Low,2.1
9711,4,30,Low,2.05
9718,13,15,Low,0.71
9719,13,45,Low,0.78
9728,8,8,Low,4.7
9729,8,17,Low,1.63
9738,17,15,Low,0.85
9739,17,25,Low,0.72
9748,9,21,Low,1.47
9749,9,39,Low,1.28
9758,15,30,Low,0.63
9759,15,80,Low,0.69
9768,13,40,Low,1.31
9769,13,82,Low,1.28
9778,21,8,Moderate,0.99
9779,21,120,Moderate,1.1
9788,18,26,Moderate,2.97
9789,18,17,Moderate,0.96
9798,9,4,Low,1.31
9799,9,18,Low,0.94
9808,15,15,Moderate,1.38
9809,15,20,Moderate,0.53
9818,22,25,Moderate,6.13
9819,22,200,High,2
9828,4,8,Low,0.63
9829,4,100,Low,1.19
9838,5,4,Low,0.67
9839,5,25,Low,1.02
9848,9,10,Low,0.78
9849,9,37,Low,1.44
9858,8,12,Low,1.78
9859,8,67,Low,1.69
9868,11,2,Low,0.82
9869,11,70,Low,1.53
9898,5,10,Low,1.25
9899,5,40,Low,0.92
9908,13,20,Moderate,2.47
9909,13,60,Low,1.13
9918,21,6,Low,1.39
9919,21,70,Low,2.69
9928,18,25,Moderate,0.77
9929,18,40,Low,1.41
9940,13,25,Low,2.1
9941,13,40,Low,5.63
9950,4,15,Moderate,1.42
9951,4,35,Moderate,6.08
9960,11,10,Low,1.25
9961,11,50,Low,13.9
9970,11,25,Low,8.41
9971,11,45,Low,3.92
9980,9,30,Low,0.5
9981,9,50,Low,1.67
9990,14,12,Low,0.81
9991,14,30,Low,2.05
10010,9,15,Low,0.51
10011,9,40,Low,2.05
10020,11,40,Low,20.7
10021,11,55,Low,7.26
10030,9,2,Low,2.52
10031,9,200,Low,1.48
10040,4,4,Low,1.34
10041,4,160,Low,0.91
10055,13,5,Low,0.51
10056,13,20,Low,0.77
10065,22,8,Moderate,1.07
10066,22,50,Low,3.47
10076,8,35,Low,2.63
10085,4,8,Low,3.65
10086,4,50,Low,1.85
10105,18,17,Moderate,2.33
10106,18,45,Low,2.04
10120,8,10,Low,1.34
10121,8,150,Low,0.85
10130,15,4,Low,3.24
10131,15,100,Low,1.34
10140,21,17,Low,1.67
10141,21,50,Low,1
10150,8,45,Low,0.72
10151,8,7,Low,1.1
10152,8,29,Low,2.22
10153,8,45,Low,1.6
10162,11,12,Low,1.21
10163,11,49,Low,5.58
10173,5,40,Low,3.62
10182,24,5,Low,1.34
10183,24,40,Low,1.94
10193,32,100,Moderate,0.62
10202,17,25,Moderate,3.29
10203,17,60,Low,1.24
10220,9,11,Low,1.06
10221,9,49,Low,1.06
10230,5,13,Low,3.88
10231,5,51,Low,2.23
10241,35,51,High,6.9
10250,5,7,Low,0.68
10251,5,15,Low,1.41
10260,4,4,Low,1.6
10261,4,30,Low,1.92
10271,18,42,High,45.6
10280,41,35,Moderate,0.53
10281,41,55,Moderate,0.79
10290,5,26,Low,0.78
10291,5,45,Low,1.59
10300,13,17,Low,2.05
10301,13,12,Low,2.47
10310,8,3,Low,0.81
10311,8,50,Low,2.36
10320,5,5,Low,0.62
10321,5,125,Low,1.51
10330,8,10,Moderate,2.63
10331,8,67,Moderate,2.39
10340,9,10,Low,1.52
10341,9,59,Low,1.49
10350,5,3,Low,1.46
10351,5,94,Low,1.78
10370,5,17,Moderate,1.34
10371,5,52,Moderate,1.72
10380,4,12,Low,1.09
10381,4,35,Low,1.94
10390,4,4,Low,1.39
10391,4,50,Low,1.89
10400,4,2,Low,1.27
10401,4,46,Low,1.62
10420,13,20,Moderate,15.2
10421,13,40,Low,4.53
10430,4,3,Low,0.98
10431,4,47,Low,2.76
10441,8,250,Low,1.57
10450,8,20,Low,1.11
10451,8,62,Low,1.41
10460,5,10,Low,0.66
10461,5,55,Low,1.39
10470,3,1,Low,0.61
10471,3,200,Low,1.13
10480,46,30,High,1.91
10481,46,40,High,0.85
10490,5,27,Low,0.52
10491,5,60,Low,5.03
10500,17,15,Low,0.64
10501,17,40,Low,2.76
10510,15,10,Low,0.64
10511,15,35,Low,1.47
10520,5,15,Low,1.59
10521,5,32,Low,2.54
10530,9,4,Moderate,0.51
10531,9,70,Low,1.83
10540,18,17,Low,1.61
10541,18,45,Low,1.1
10550,9,7,Low,2.61
10551,9,180,Low,0.72
10560,5,1,Low,0.77
10561,5,90,Low,1.18
10570,8,15,Low,3.1
10571,8,61,Low,2.77
10580,4,10,Moderate,1.45
10581,4,150,Moderate,0.91
10590,8,10,Low,2.83
10591,8,79,Low,0.93
10600,5,3,Low,0.89
10611,5,5,Low,1.27
10620,28,10,High,1.46
10621,28,2,Moderate,1.21
10630,5,7,Moderate,1.11
10631,5,14,Low,4.13
10641,18,4,Moderate,0.76
10650,11,2,Low,4.09
10651,11,12,Low,1.1
10660,4,3,Low,1.49
10661,4,16,Low,8.41
10670,9,10,Low,0.66
10671,9,7,Low,0.35
10680,5,2,Low,2.85
10681,5,15,Low,0.57
10691,4,5,Low,0.99
10700,20,2,Low,0.65
10711,5,10,Low,1.44
10721,17,5,Low,2.04
10730,30,25,Moderate,1.08
10731,30,20,Low,1.85
10740,26,5,Moderate,1.72
10741,26,3,Moderate,1.68
10751,34,1,Low,0.64
10760,5,7,Low,0.86
10761,5,30,Low,1.12
10780,11,5,Low,1.51
10781,11,30,Low,0.47
10791,4,4,Low,1.08
10800,11,83,Low,0.77
10801,11,3,Low,1.17
10806,8,17,Low,0.98
10807,8,100,Low,0.93
10827,5,3,Low,2.13
10847,18,30,Low,1.15
10856,18,5,Low,8.35
10857,18,53,Low,0.95
10870,17,10,Low,1.1
10871,17,15,Low,0.74
10880,8,10,Low,0.54
10881,8,5,Low,0.74
10892,13,2,Low,1.91
10893,13,37,Low,2.65
10911,9,20,Low,0.7
10912,9,67,Low,0.63
10921,9,5,Moderate,5.16
10922,9,15,Moderate,1.39
10931,5,19,Low,10.2
10932,5,62,Low,3.2
10941,17,2,Low,0.82
10951,9,2,Low,1.7
10952,9,4,Low,1.41
10971,17,40,Low,1.26
10972,17,7,Low,0.98
10981,20,10,Low,1
10982,20,2,Low,0.62
10991,17,1,Moderate,4.65
11001,22,2,Moderate,1.31
11002,22,5,Low,0.62
11011,9,21,Low,0.85
11012,9,3,Low,0.36
11021,5,7,Low,1.24
11022,5,57,Low,0.66
11032,11,60,Moderate,0.82
11041,17,5,Moderate,1.76
11042,17,37,Low,0.61
11051,5,4,Low,3
11052,5,13,Moderate,0.85
11061,9,3,Low,0.78
11062,9,12,Low,0.72
11081,8,1,Low,0.67
11082,8,3,Low,0.84
11101,15,10,Low,0.86
11102,15,3,Low,0.87
11111,4,10,Low,1.06
11112,4,17,Low,0.93
11130,9,40,Low,0.74
11131,9,30,Low,0.44
11140,11,8,Moderate,4.25
11141,11,60,Moderate,1.29
11150,13,1,Low,0.51
11151,13,10,Low,0.46
11160,11,2,Low,1.11
11161,11,5,Low,2.9
11171,13,17,Low,2.08
11180,8,2,Low,1.12
11200,8,2,Low,4.72
11201,8,5,Low,0.9
11210,17,3,High,4.95
11211,17,18,Low,0.98
11220,20,20,Low,4.64
11221,20,8,Low,1.56
11230,13,4,Low,2.44
11231,13,9,Low,0.81
11240,30,3,Moderate,2.55
11241,30,5,Low,1.04
11250,5,8,Low,0.85
11251,5,12,Low,0.68
11261,4,2,Low,1.05
11270,13,5,Low,1.84
11271,13,3,Low,1.21
11280,5,8,Low,0.96
11290,4,4,Low,0.56
11291,4,3,Low,0.78
11299,4,7,Low,1.51
11300,13,2,Low,1.28
11301,13,3,Low,0.61
11310,9,7,Low,3.18
11311,9,4,Low,0.82
11321,11,1,Low,1.48
11330,4,3,Low,0.58
11331,4,4,Low,0.82
11340,13,5,Low,0.99
11341,13,13,Low,0.54
11348,9,15,Low,0.89
11349,9,62,Low,0.87
11358,18,35,High,1.7
11359,18,150,Low,1.29
11368,9,20,Low,23.3
11369,9,10,Low,2.01
11379,18,2,Low,1.03
11389,4,1,None,0.86
11398,4,7,Low,4.54
11399,4,13,Low,3.64
11408,18,2,Low,0.33
11409,18,10,Low,0.82
11418,4,5,Low,0.97
11419,4,12,Low,1.44
11428,5,6,Low,0.68
11440,11,12,Low,1
11448,11,2,Moderate,1.9
11449,11,16,Low,1.71
11458,9,1,Low,0.61
11459,9,3,None,2.33
11468,5,2,Low,1.57
11469,5,17,Low,0.74
11479,15,2,None,1.8
11488,9,4,None,4.81
11489,9,12,None,0.62
11498,67,2,High,2.93
11499,67,6,High,2.98
11508,9,4,Moderate,0.83
11538,5,12,Low,0.82
11548,5,5,None,0.68
11549,5,7,None,0.65
11558,8,11,None,1.29
11569,9,46,None,1.84
11589,13,52,None,0.93
11599,15,71,None,1.23
11609,4,17,None,1.97
11628,9,8,Low,1.8
11629,9,2,Low,1.47
11639,8,70,None,0.78
11648,11,37,None,1.52
11649,11,156,None,1.03
11658,22,15,Low,0.86
11659,22,3,Low,1.47
11669,30,4,Low,0.9
11689,1,48,None,0.93
11719,13,6,None,2.23
11728,11,13,None,1.65
11738,5,17,None,0.79
11739,5,7,None,2.98
11748,9,8,Low,0.99
11749,9,4,Low,0.48
11759,9,4,None,2.62
11779,11,3,None,0.97
11799,15,32,None,0.62
11808,11,5,Low,1.99
11809,11,16,Low,0.96
11818,9,6,Low,2.23
11819,9,12,None,1.34
11829,9,52,Low,0.93
11838,13,25,None,1.61
11839,13,64,Low,1.09
11849,5,7,None,0.71
11858,13,10,Low,0.62
11859,13,8,None,0.47
11879,18,27,Low,1.95
11888,13,5,None,0.42
11889,13,50,None,0.75
11898,5,15,Low,1
11899,5,22,Low,0.65
11919,8,7,None,0.98
11929,4,10,Low,3.06
11938,8,3,Low,0.78
11939,8,42,None,0.61
11948,15,20,None,3.66
11949,15,111,None,1
11968,8,4,None,1.27
11969,8,8,None,0.67
11979,9,17,None,0.54
11988,4,12,None,0.82
11989,4,6,None,0.64
11999,8,47,None,1.82
12018,13,4,Moderate,2.11
12019,13,2,Moderate,1.05
12029,8,27,None,2.16
12048,8,7,None,0.8
12049,8,31,None,1.03
12059,9,27,None,0.88
12079,4,29,None,1.44
12088,17,2,None,1.84
12089,17,5,None,0.81
12098,11,1,None,1.7
12099,11,7,None,1.87
12118,6,21,None,0.75
12119,6,31,None,0.31
12129,9,4,None,0.46
12138,32,25,Moderate,0.64
12139,32,42,Low,0.79
12149,15,21,None,0.95
12159,15,11,None,1.97
12168,24,4,Moderate,1.49
12219,18,22,None,0.56
12228,9,7,None,1.51
12239,4,8,None,0.44
12249,8,4,None,3.37
12258,11,32,Low,0.63
12259,11,10,Low,0.96
12269,15,26,None,3.36
12278,4,6,Low,0.93
12289,9,5,Low,1.03
12299,11,4,Moderate,1.25
12308,4,8,None,1.32
12309,4,38,None,2.31
12328,4,8,None,0.8
12329,4,69,None,0.64
12338,5,4,None,0.95
12339,5,3,None,2.05
12348,4,2,Low,0.82
12349,4,30,Low,0.73
12359,15,54,None,0.86
12388,24,1,None,0.3
12389,24,7,None,0.46
12398,15,30,Low,0.7
12408,15,5,None,1.07
12419,13,16,Low,0.58
12448,13,1,Moderate,8.8
12449,13,11,Low,1.23
12458,5,7,None,1.18
12459,5,2,None,0.42
12469,5,11,None,1.17
12478,4,14,None,0.74
12479,4,12,None,1.03
12489,17,42,Moderate,1.4
12499,18,36,None,0.37
12508,9,22,Moderate,2.98
12509,9,81,None,0.74
12529,4,4,None,2.14
12538,15,2,None,1.03
12539,15,37,None,0.71
12548,21,11,Low,3.24
12549,21,38,Moderate,0.62
12558,8,32,Low,4.4
12559,8,115,None,1.24
12568,9,5,Low,0.87
12569,9,30,None,1.13
12579,11,112,Low,0.77
12598,10,41,Low,5.53
12599,10,122,None,9.36
12618,15,42,None,7.42
12619,15,26,None,0.97
12628,18,201,High,2.89
12629,18,6,High,0.76
12639,15,50,None,0.86
12659,21,14,None,1.6
12668,4,49,Low,1
12669,4,54,Low,2.29
12679,8,31,None,0.68
12689,17,14,None,0.38
12699,15,1,Moderate,2.48
12708,4,13,Low,0.94
12709,4,5,Low,1.41
12748,15,4,Moderate,2.41
12749,15,26,None,0.85
12758,13,6,Low,0.79
12759,13,51,None,0.84
12779,8,46,None,1.2
12799,13,30,None,0.8
12809,17,112,High,2.11
12818,11,4,None,1.57
12819,11,12,None,4.14
12829,4,9,None,0.61
12848,4,2,None,2.18
12849,4,9,None,0.46
12858,11,4,None,2.88
12859,11,12,None,2.08
12869,11,15,None,1.13
12879,4,6,None,0.67
12898,15,13,None,2.4
12899,15,22,Low,0.63
12908,18,9,Low,0.47
12909,18,8,Low,0.62
12918,13,10,Low,0.87
12919,13,10,Low,0.96
12929,9,20,Low,0.76
12949,8,3,None,0.7
12958,8,5,None,0.84
12959,8,18,None,0.92
12968,11,7,None,1.28
12969,11,52,None,1.04
12978,15,7,None,6.25
12988,11,9,None,0.72
12989,11,2,None,0.83
12999,13,31,None,1.13
13008,22,9,None,1.11
13009,22,29,None,0.94
13022,16,2,Moderate,1.26
13023,16,20,Moderate,0.88
13032,13,3,None,1.42
13033,13,5,None,0.85
13042,30,7,High,162
13043,30,19,Low,1.11
13053,26,41,None,3.15
13063,8,15,None,2.35
13073,9,28,None,1.59
13083,9,14,None,1.22
13103,5,16,Low,1.19
13112,5,47,Low,1.35
13113,5,102,None,2.62
13122,13,9,None,0.72
13123,13,7,None,0.61
13133,8,5,None,1.87
13142,9,12,Low,0.95
13143,9,12,Low,1.85
13163,17,5,None,1.19
13173,9,1,None,1.44
13182,18,20,None,1.04
13183,18,5,None,1.4
13192,33,10,Low,0.47
13193,33,3,Low,0.67
13203,5,2,Moderate,8.49
13222,5,2,None,2.98
13223,5,61,None,0.74
13233,5,15,Low,1.01
13253,15,24,None,0.65
13262,13,12,None,2.53
13263,13,5,None,0.51
13289,21,4,High,1.39
13290,21,16,Low,1.17
13299,4,3,None,10.6
13300,4,26,None,1.81
13309,8,3,None,0.87
13310,8,48,None,0.91
13329,15,11,None,2.51
13330,15,10,None,0.71
13339,9,4,Low,6.85
13359,15,1,Low,0.74
13360,15,20,Low,0.59
13379,13,6,None,0.34
13380,13,28,None,0.6
13400,21,22,Low,6.33
13429,11,2,None,0.85
13430,11,37,None,1.85
13440,11,101,Low,1.14
13449,4,4,None,0.54
13450,4,6,None,0.98
13459,17,2,Moderate,2.35
13460,17,14,Moderate,0.61
13499,4,14,None,0.63
13500,4,3,None,1.14
13509,13,6,Low,0.8
13510,13,21,None,1.4
13539,8,3,None,0.73
13540,8,2,None,0.6
13559,5,3,None,2.17
13560,5,7,None,0.7
13570,18,36,None,1.36
13600,18,15,None,1.57
13610,15,30,None,0.83
13620,11,30,Low,1.94
13629,5,20,Low,1.39
13630,5,50,None,0.63
13640,8,6,Low,1.2
13649,8,2,None,1.47
13660,30,7,Low,0.78
13669,9,4,None,3.63
13670,9,63,None,3.28
13679,4,3,None,1.13
13680,4,8,None,1.33
13699,9,41,Moderate,1.3
13700,9,22,Moderate,1.23
13710,5,86,None,0.67
13720,9,4,None,0.49
13749,5,2,None,0.81
13750,5,15,None,0.71
13760,13,44,None,0.97
13770,4,12,None,0.82
13780,8,6,None,0.49
13789,9,2,None,0.88
13790,9,10,None,1.78
13799,9,32,Low,26.8
13800,9,52,Low,6.02
13809,8,36,Moderate,42.3
13810,8,25,None,3.16
13819,18,4,Low,0.66
13820,18,6,Low,0.39
13829,24,7,High,6.17
13830,24,15,None,1.14
13839,11,3,Moderate,3.97
13840,11,14,Low,0.99
13850,8,20,None,0.49
13860,4,14,None,0.51
13870,4,16,None,29.8
13879,11,12,Moderate,8.51
13880,11,6,Low,6.03
13889,8,7,Low,3.72
13890,8,12,None,0.75
13899,15,6,None,1.18
13900,15,21,Low,0.85
13910,18,5,Moderate,1.04
13919,21,2,None,0.6
13920,21,8,None,0.83
13930,15,72,None,0.81
13939,32,4,Moderate,0.88
13940,32,10,None,0.74
13949,5,24,Low,3.19
13950,5,3,Low,2.39
13959,4,5,None,0.64
13960,4,49,None,0.79
13970,15,16,None,0.62
13979,18,17,Low,1.57
13989,24,6,None,0.69
13999,11,5,Low,0.89
14000,11,3,None,0.85
14009,11,8,None,0.7
14010,11,25,None,0.53
14020,13,7,None,0.56
14030,18,12,None,1.93
14039,13,3,None,3.77
14040,13,3,None,1.72
14049,18,41,High,1.55
14050,18,28,Low,0.75
14060,26,41,None,1.68
14089,15,64,None,0.42
14090,15,2,None,0.51
14099,5,3,Low,1.3
14100,5,3,None,0.99
14119,21,11,Low,1.39
14120,21,54,None,1.13
14139,15,1,None,1.43
14140,15,3,None,0.35
14150,11,26,None,1.01
14159,8,3,Low,2.82
14160,8,4,Low,1.41
14169,18,4,Moderate,8.32
14170,18,26,Low,1.48
14180,13,46,None,0.74
14200,11,3,None,1.14
14230,4,72,None,0.62
14249,4,12,Moderate,12.7
14279,17,3,Moderate,1.45
14280,17,15,Low,3.45
14290,5,54,None,1
14300,8,16,None,0.55
14310,5,30,Low,1.4
14319,18,7,Low,2.65
14320,18,12,Low,2.79
14359,5,10,Low,1.55
14360,5,12,None,1.2
14390,13,18,None,0.53
14400,11,5,None,0.63
14410,9,1,None,0.8
14420,4,8,None,0.91
14429,15,7,None,1.33
14430,15,13,None,0.95
14449,16,2,None,5.75
14450,16,42,None,0.75
14460,18,2,None,1.27
14469,17,16,None,0.64
14470,17,35,None,1.29
14479,18,8,None,1.96
14489,18,8,Low,1.28
14499,4,5,Low,1.2
14500,4,31,Low,0.79
14509,8,1,Low,0.7
14510,8,33,Low,0.47
14520,4,52,None,0.8
14529,8,8,Low,1.02
14530,8,14,None,0.86
14550,18,3,None,0.33
14579,4,5,None,1.38
14580,4,15,None,2.85
14600,11,27,Low,0.47
14609,11,31,None,118
14610,11,48,None,0.55
14621,21,8,Moderate,1.24
14622,21,4,Low,1.86
14631,15,5,Low,1.45
14632,15,10,Low,1.88
14652,15,41,None,20
14662,9,25,None,1.65
14671,21,3,Low,4.01
14672,21,7,None,6.71
14692,8,7,None,1.63
14712,15,32,None,0.77
14719,13,2,Low,2.33
14728,30,12,Moderate,0.93
14729,30,75,Low,0.6
14739,18,13,None,1.26
14749,20,18,Moderate,1.26
14758,17,24,None,2.23
14759,17,27,None,0.46
14768,8,9,Moderate,7.76
14769,8,3,Moderate,25
14778,9,10,Low,0.8
14779,9,3,Low,1.09
14788,5,7,Moderate,4.49
14789,5,21,Low,2.64
14808,18,9,Low,8.02
14809,18,13,Low,0.56
14839,41,3,Low,0.88
14849,18,12,None,1.22
14869,17,36,None,7.73
14878,21,21,Moderate,0.61
14879,21,66,Low,0.93
14889,11,11,None,1.06
14911,5,4,None,0.46
14912,5,12,None,0.77
14922,5,4,None,2.67
14931,17,7,Low,1.66
14932,17,23,Low,1.24
14952,15,44,None,0.81
14962,13,7,None,0.8
14971,15,7,Low,0.95
14972,15,2,None,0.62
14982,17,29,None,1.5
15001,13,14,Low,2.56
15002,13,22,None,0.95
15011,13,3,None,1.12
15012,13,7,None,0.6
15020,8,1,Low,1.66
15021,8,3,Low,1.22
15030,17,1,None,0.77
15031,17,1,None,0.86
15040,11,4,None,1.76
15041,11,38,None,0.74
15050,4,7,Low,0.64
15051,4,14,Low,1
15060,17,5,Moderate,5.52
15061,17,12,Low,1.09
15070,4,30,None,1.07
15080,11,5,Moderate,2.24
15081,11,3,Moderate,1.15
15090,9,14,Moderate,1.06
15091,9,22,Moderate,0.61
15101,15,61,None,0.9
15111,11,6,None,0.42
15121,18,61,None,1.02
15130,32,10,Moderate,0.71
15131,32,4,Moderate,0.85
15150,8,5,Low,1.12
15151,8,27,Low,1.21
15170,5,6,Low,1.06
15171,5,2,Low,0.94
15180,15,6,Low,1.65
15181,15,4,None,0.93
15200,5,8,None,0.49
15201,5,12,None,1.41
15211,9,51,None,1.48
15221,11,16,None,1.05
15230,4,7,None,0.85
15231,4,27,None,1.19
15240,13,2,None,1.56
15241,13,6,None,1.37
15261,9,6,None,0.96
15262,9,14,None,0.58
15272,5,10,None,0.7
15281,15,22,Moderate,0.51
15282,15,58,None,0.76
15292,35,9,None,1.03
15302,5,53,None,1.39
15311,8,2,None,0.58
15312,8,33,None,0.93
15321,8,10,Low,0.46
15322,8,30,Low,0.91
15332,5,6,None,0.62
15341,15,3,Low,2.36
15342,15,32,None,0.91
15352,11,5,Low,1.42
15382,9,20,None,0.98
15391,4,5,None,5.23
15392,4,31,None,1.42
15402,11,51,None,0.91
15412,13,24,None,0.7
15422,9,18,None,0.67
15432,21,34,None,1.57
15441,35,2,None,0.88
15442,35,4,None,1.54
15452,9,1,None,0.53
15462,9,7,None,1.17
15472,18,34,None,2.77
15482,5,3,Low,2.51
15492,6,50,None,1.08
15511,28,7,None,0.41
15512,28,71,None,0.38
15522,24,31,None,0.72
15531,9,108,Moderate,1.51
15532,9,41,Moderate,1.4
15541,8,21,None,2.41
15542,8,102,None,0.86
15561,4,41,None,2.61
15562,4,8,None,0.96
15572,4,12,Low,1.05
15581,11,2,Moderate,7.91
15582,11,5,Low,1.85
15611,2,12,None,0.81
15612,2,50,None,2.5
15622,17,20,Low,2.04
15632,4,18,None,3.06
15642,11,15,None,2.37
15651,13,21,None,0.54
15652,13,48,None,0.79
15662,16,14,None,0.77
15672,8,19,Low,0.97
15681,9,7,None,0.57
15682,9,7,None,1.15
15692,11,7,None,0.81
15701,15,21,None,0.45
15702,15,3,None,1.06
15711,17,4,Moderate,0.61
15712,17,12,Moderate,0.98
15721,15,6,None,0.8
15722,15,4,None,0.57
15731,9,17,None,3.3
15732,9,18,None,1.07
15741,17,5,None,2.15
15752,33,8,None,1.08
15762,4,5,None,1.07
15771,13,3,None,7.97
15772,13,24,None,1.87
15792,18,4,None,1.01
15801,18,4,None,2.31
15802,18,10,None,1.56
15811,4,4,None,0.85
15812,4,7,None,1.17
15822,17,53,None,0.82
15832,9,38,None,1.47
15841,9,16,None,1.17
15842,9,12,None,1.13
15852,21,20,Low,1.73
15861,30,22,None,0.47
15862,30,35,None,0.61
15871,22,2,None,0.31
15872,22,4,None,0.34
15892,9,30,High,2.46
15902,21,11,None,1.22
15911,9,1,Low,0.93
15922,8,10,None,0.76
15931,8,2,Low,0.72
15932,8,6,Low,0.73
15941,21,17,High,0.58
15942,21,36,Moderate,0.61
15952,9,12,None,0.75
15962,24,6,None,1.58
15971,13,3,Moderate,4.82
15972,13,20,Low,0.91
15982,17,50,Low,6.62
15991,17,10,None,1.08
15992,17,20,None,1.21
16002,11,20,Low,3.41
16021,4,3,Low,1.84
16022,4,12,Low,0.57
16041,18,8,None,4.39
16042,18,4,None,1.58
16062,5,5,None,1.19
16072,15,10,None,2.12
16112,13,6,None,1.21
16121,21,7,Moderate,4.81
16122,21,5,None,0.83
16132,24,22,None,1.41
16141,15,16,None,0.43
16142,15,13,None,0.63
16162,9,4,None,0.9
16191,11,19,None,0.7
16192,11,8,None,0.89
16201,24,10,High,3.22
16202,24,100,Low,0.68
16211,13,12,Low,4.93
16212,13,39,Low,1.53
16222,4,25,None,0.86
16241,15,3,None,0.41
16242,15,22,None,0.79
16252,4,15,None,1.31
16261,17,2,None,1.21
16262,17,51,None,1
16271,13,4,None,1.38
16272,13,25,None,0.99
16281,26,7,High,3.48
16282,26,11,Moderate,4.25
16292,17,54,None,0.65
16301,5,48,None,1.03
16302,5,16,None,0.59
16311,17,4,Moderate,4.41
16312,17,18,None,0.65
16322,13,20,None,0.23
16332,9,25,None,0.54
16341,17,2,None,1.1
16342,17,12,None,0.72
16351,10,12,None,0.82
16352,10,4,None,0.61
16361,4,7,None,1.27
16362,4,32,None,0.95
16371,17,4,Low,0.45
16372,17,42,Low,0.98
16382,4,17,None,1.29
16402,9,2,None,1.32
16411,7,3,None,0.83
16412,7,18,None,0.76
16421,11,59,High,1
16422,11,5,Moderate,8.1
16432,9,2,None,0.71
16442,15,7,None,0.66
16452,8,8,None,0.47
16461,22,7,None,1.19
16462,22,14,Low,0.55
16481,13,12,None,0.58
16482,13,51,None,0.75
16492,9,4,None,1.53
16501,11,2,Low,0.85
16502,11,24,Moderate,1.07
16511,8,61,None,0.91
16512,8,108,None,0.79
16551,9,7,None,0.55
16561,15,17,None,0.55
16562,15,54,None,0.71
16572,30,36,None,0.6
16582,9,16,None,0.82
16591,9,3,Moderate,2.18
16592,9,6,Low,1.89
16612,13,30,None,0.61
16622,5,30,None,1.05
16641,8,12,None,1.52
16652,19,2,None,1.53
16662,17,10,None,1.13
16672,15,4,None,0.73
16681,30,5,None,1.4
16692,4,4,Low,21.8
16701,4,6,Low,1.15
16702,4,3,Low,1.27
16712,9,1,Low,1.33
16751,11,2,None,0.36
16752,11,84,None,0.55
16771,24,11,None,0.69
16772,24,4,None,0.89
16781,9,24,None,0.68
16782,9,15,None,0.85
16802,13,3,None,1.5
16812,9,60,Low,1.41
16822,17,15,None,3.7
16831,11,1,None,0.69
16832,11,2,None,0.57
16842,8,3,None,1.31
16862,17,22,Moderate,1.71
16871,9,13,Moderate,1.4
16872,9,24,Moderate,2.81
16891,15,12,Moderate,0.89
16892,15,6,Low,0.78
16902,4,32,None,0.67
16912,11,6,None,0.73
16922,13,6,None,0.9
16942,24,18,High,13.9
16962,15,12,None,1.54
16972,24,11,None,1.09
16982,4,9,None,1.6
16992,11,2,Low,1.29
17001,22,6,Moderate,0.84
17002,22,10,None,1.73
17012,11,13,None,0.81
17042,9,3,None,3.6
17052,15,6,None,0.53
17062,4,9,None,0.68
17072,21,21,None,1.08
17111,5,22,Low,2.53
17112,5,41,Low,0.81
17121,9,7,None,0.73
17122,9,7,None,0.78
17131,5,11,None,2.25
17132,5,21,None,0.64
17141,4,21,None,1.46
17142,4,27,None,0.52
17151,21,14,None,1.04
17152,21,7,None,0.6
17162,13,2,None,0.85
17182,11,50,None,0.72
17191,8,46,None,1.61
17192,8,4,None,0.77
17202,5,3,None,1.57
17211,9,27,Low,1.25
17212,9,156,None,0.71
17221,8,2,Low,0.86
17222,8,13,Low,0.94
17231,8,5,None,0.86
17232,8,51,None,1
17261,8,3,None,1.41
17262,8,35,None,0.92
17271,13,4,Low,2.55
17272,13,16,None,2.51
17282,9,16,None,1.15
17291,8,10,Low,0.63
17292,8,13,None,0.9
17301,13,17,Moderate,2.67
17302,13,21,Moderate,0.78
17312,9,6,None,1.91
17321,4,5,None,0.6
17322,4,25,None,0.48
17331,9,3,Low,2.63
17332,9,4,None,9.78
17341,5,12,None,1.86
17342,5,52,None,1.49
17351,20,5,None,1.75
17352,20,20,None,2.16
17371,15,10,None,1.71
17372,15,31,None,0.53
17381,8,19,None,1.61
17392,32,22,Moderate,2.13
17402,13,112,None,0.88
17431,8,2,Low,0.94
17432,8,13,Low,1.11
17441,13,3,None,1.59
17442,13,112,None,0.68
17451,15,3,Low,2.48
17452,15,10,None,2.07
17462,15,2,None,1.36
17471,15,5,Low,0.93
17472,15,60,Low,1.13
17481,13,4,Low,0.66
17482,13,16,None,0.92
17492,11,14,None,1.2
17501,13,3,None,1.62
17502,13,16,None,1.2
17522,5,29,None,0.65
17531,5,70,Moderate,1.59
17532,5,100,Moderate,0.96
17541,9,3,None,1.25
17542,9,3,None,0.74
17551,11,39,Low,1.56
17561,8,6,Low,2.52
17562,8,22,Low,0.94
17572,9,21,None,0.89
17582,17,32,None,0.89
17592,21,14,None,2.03
17611,11,171,None,1.65
17612,11,44,None,1.06
17622,18,46,None,1.21
17631,4,2,None,1.71
17632,4,12,None,0.8
17641,5,9,None,1.31
17642,5,11,None,2.87
17652,11,4,None,0.78
17661,15,2,Low,0.94
17662,15,4,Low,0.59
17682,8,5,Low,1.05
17692,18,24,None,2.37
17701,4,1,None,0.63
17702,4,17,None,1.35
17721,13,10,Low,2.85
17722,13,7,Low,1.28
17731,13,21,None,5.19
17732,13,52,Low,0.82
17771,10,26,None,0.97
17772,10,4,None,0.82
17781,17,6,None,1.25
17782,17,37,None,4.66
17791,21,8,Moderate,3.54
17792,21,2,Low,1.7
17802,28,23,None,0.62
17811,15,9,Moderate,2.26
17812,15,2,Moderate,1.49
17821,4,7,Low,1.64
17822,4,3,Low,1.7
17831,17,3,Moderate,0.58
17832,17,15,None,0.41
17841,26,6,Low,0.98
17842,26,31,Low,0.61
17852,15,32,None,1.56
17862,17,2,Low,0.84
17892,8,12,None,1.15
17902,4,52,None,5.97
17911,13,51,None,1.25
17912,13,4,None,2.26
17932,4,12,None,0.66
17952,5,8,None,0.53
17971,8,3,Low,0.88
17972,8,13,Low,1.01
17981,9,12,None,2.38
17982,9,50,None,2.88
17992,30,8,Moderate,0.91
